[{"name":"theme_info","theme_name":"Vogue","theme_author":"Pixel Union","theme_version":"2.1.1","theme_documentation_url":"http:\/\/support.pixelunion.net\/category\/243-vogue\/","theme_support_email":"support@pixelunion.net"},{"name":"Color","settings":[{"type":"header","content":"General"},{"type":"color","id":"body_text_color","label":"Text"},{"type":"color","id":"accent_color","label":"Accent"},{"type":"color","id":"background_color","label":"Background"},{"type":"color","id":"button_color","label":"Button text"},{"type":"color","id":"button_background_color","label":"Button background"},{"type":"header","content":"Sidebar and alternate header"},{"type":"color","id":"sidebar_background_color","label":"Background"},{"type":"header","content":"Product listings"},{"type":"color","id":"listing_text_color","label":"Text","info":"Text color when shown over a product image."},{"type":"color","id":"listing_text_background_color","label":"Background"},{"type":"range","id":"listing_text_background_alpha","label":"Background opacity","min":0,"max":100,"step":10,"default":90,"unit":"%"},{"type":"header","content":"Collection colors"},{"type":"paragraph","content":"The settings below allow you to assign a specific color to each of your collections. You’ll notice these colors wherever a collection is featured, as well as on the collections list page."},{"type":"color","id":"collection_color_default","label":"Default collection color","info":"This color will be used if no color has been set to a collection"},{"type":"header","content":"Collection 1"},{"type":"collection","id":"collection_1","label":"Collection"},{"type":"color","id":"collection_1_color","label":"Color"},{"type":"header","content":"Collection 2"},{"type":"collection","id":"collection_2","label":"Collection"},{"type":"color","id":"collection_2_color","label":"Color"},{"type":"header","content":"Collection 3"},{"type":"collection","id":"collection_3","label":"Collection"},{"type":"color","id":"collection_3_color","label":"Color"},{"type":"header","content":"Collection 4"},{"type":"collection","id":"collection_4","label":"Collection"},{"type":"color","id":"collection_4_color","label":"Color"},{"type":"header","content":"Collection 5"},{"type":"collection","id":"collection_5","label":"Collection"},{"type":"color","id":"collection_5_color","label":"Color"},{"type":"header","content":"Collection 6"},{"type":"collection","id":"collection_6","label":"Collection"},{"type":"color","id":"collection_6_color","label":"Color"},{"type":"header","content":"Collection 7"},{"type":"collection","id":"collection_7","label":"Collection"},{"type":"color","id":"collection_7_color","label":"Color"},{"type":"header","content":"Collection 8"},{"type":"collection","id":"collection_8","label":"Collection"},{"type":"color","id":"collection_8_color","label":"Color"},{"type":"header","content":"Collection 9"},{"type":"collection","id":"collection_9","label":"Collection"},{"type":"color","id":"collection_9_color","label":"Color"},{"type":"header","content":"Collection 10"},{"type":"collection","id":"collection_10","label":"Collection"},{"type":"color","id":"collection_10_color","label":"Color"},{"type":"header","content":"Collection 11"},{"type":"collection","id":"collection_11","label":"Collection"},{"type":"color","id":"collection_11_color","label":"Color"},{"type":"header","content":"Collection 12"},{"type":"collection","id":"collection_12","label":"Collection"},{"type":"color","id":"collection_12_color","label":"Color"}]},{"name":"Typography","settings":[{"type":"select","id":"body_font","label":"Body Font","options":[{"value":"Google_Alegreya_400,700","label":"Alegreya","group":"Serif"},{"value":"Google_Alegreya+Sans_400,700","label":"Alegreya Sans","group":"Sans-serif"},{"value":"Google_Archivo+Narrow_400,700","label":"Archivo Narrow","group":"Sans-serif"},{"value":"Google_Cardo_400,700","label":"Cardo","group":"Serif"},{"value":"Google_Dosis_400,700","label":"Dosis","group":"Sans-serif"},{"value":"Google_Heebo_400,700","label":"Heebo","group":"Sans-serif"},{"value":"'HelveticaNeue', 'Helvetica Neue', Helvetica, Arial, sans-serif","label":"Helvetica Neue","group":"Sans-serif"},{"value":"Google_Inknut+Antiqua_400,700","label":"Inknut Antiqua","group":"Serif"},{"value":"Google_Fira+Sans_400,700","label":"Fira Sans","group":"Sans-serif"},{"value":"Google_Frank+Ruhl+Libre_400,700","label":"Frank Ruhl Libre","group":"Serif"},{"value":"Google_Josefin+Sans_400,700","label":"Josefin Sans","group":"Sans-serif"},{"value":"Google_Karla_400,700","label":"Karla","group":"Sans-serif"},{"value":"Google_Lato_400,700","label":"Lato","group":"Sans-serif"},{"value":"Google_Mada_400,700","label":"Mada","group":"Sans-serif"},{"value":"Google_Montserrat_400,700","label":"Montserrat","group":"Sans-serif"},{"value":"Google_Merriweather_400,700","label":"Merriweather","group":"Serif"},{"value":"Google_Old+Standard+TT_400,700","label":"Old Standard TT","group":"Serif"},{"value":"Google_Open+Sans_400,700","label":"Open Sans","group":"Sans-serif"},{"value":"Google_Playfair+Display_400,700","label":"Playfair Display","group":"Serif"},{"value":"Google_Proza+Libre_400,700","label":"Proza Libre","group":"Sans-serif"},{"value":"Google_PT+Sans_400,700","label":"PT Sans","group":"Sans-serif"},{"value":"Google_Quattrocento+Sans_400,700","label":"Quattrocento Sans","group":"Sans-serif"},{"value":"Google_Raleway_400,700","label":"Raleway","group":"Sans-serif"},{"value":"Google_Roboto_400,700","label":"Roboto","group":"Sans-serif"},{"value":"Google_Rosario_400,700","label":"Rosario","group":"Sans-serif"},{"value":"Google_Source+Serif+Pro_400,700","label":"Source Serif Pro","group":"Serif"},{"value":"Google_Varela_400","label":"Varela","group":"Sans-serif"},{"value":"Google_Yantramanav_400,700","label":"Yantramanav","group":"Sans-serif"}],"default":"'HelveticaNeue', 'Helvetica Neue', Helvetica, Arial, sans-serif"},{"type":"header","content":"Heading"},{"type":"select","id":"heading_font","label":"Font","options":[{"value":"Google_Alegreya_400,700","label":"Alegreya","group":"Serif"},{"value":"Google_Alegreya+Sans_400,700","label":"Alegreya Sans","group":"Sans-serif"},{"value":"Google_Archivo+Narrow_400,700","label":"Archivo Narrow","group":"Sans-serif"},{"value":"Google_Cardo_400,700","label":"Cardo","group":"Serif"},{"value":"Google_Dosis_400,700","label":"Dosis","group":"Sans-serif"},{"value":"Google_Heebo_400,700","label":"Heebo","group":"Sans-serif"},{"value":"'HelveticaNeue', 'Helvetica Neue', Helvetica, Arial, sans-serif","label":"Helvetica Neue","group":"Sans-serif"},{"value":"Google_Inknut+Antiqua_400,700","label":"Inknut Antiqua","group":"Serif"},{"value":"Google_Fira+Sans_400,700","label":"Fira Sans","group":"Sans-serif"},{"value":"Google_Frank+Ruhl+Libre_400,700","label":"Frank Ruhl Libre","group":"Serif"},{"value":"Google_Josefin+Sans_400,700","label":"Josefin Sans","group":"Sans-serif"},{"value":"Google_Karla_400,700","label":"Karla","group":"Sans-serif"},{"value":"Google_Lato_400,700","label":"Lato","group":"Sans-serif"},{"value":"Google_Mada_400,700","label":"Mada","group":"Sans-serif"},{"value":"Google_Montserrat_400,700","label":"Montserrat","group":"Sans-serif"},{"value":"Google_Merriweather_400,700","label":"Merriweather","group":"Serif"},{"value":"Google_Old+Standard+TT_400,700","label":"Old Standard TT","group":"Serif"},{"value":"Google_Open+Sans_400,700","label":"Open Sans","group":"Sans-serif"},{"value":"Google_Playfair+Display_400,700","label":"Playfair Display","group":"Serif"},{"value":"Google_Proza+Libre_400,700","label":"Proza Libre","group":"Sans-serif"},{"value":"Google_PT+Sans_400,700","label":"PT Sans","group":"Sans-serif"},{"value":"Google_Quattrocento+Sans_400,700","label":"Quattrocento Sans","group":"Sans-serif"},{"value":"Google_Raleway_400,700","label":"Raleway","group":"Sans-serif"},{"value":"Google_Roboto_400,700","label":"Roboto","group":"Sans-serif"},{"value":"Google_Rosario_400,700","label":"Rosario","group":"Sans-serif"},{"value":"Google_Source+Serif+Pro_400,700","label":"Source Serif Pro","group":"Serif"},{"value":"Google_Varela_400","label":"Varela","group":"Sans-serif"},{"value":"Google_Yantramanav_400,700","label":"Yantramanav","group":"Sans-serif"}],"default":"'HelveticaNeue', 'Helvetica Neue', Helvetica, Arial, sans-serif"},{"type":"select","id":"heading_font_weight","label":"Style","options":[{"value":"400","label":"Normal"},{"value":"700","label":"Bold"}]}]},{"name":"Layout","settings":[{"type":"select","id":"grid_spacing","label":"Grid spacing","options":[{"label":"None","value":"0px"},{"label":"Small","value":"2px"},{"label":"Large","value":"10px"}],"default":"0px"}]},{"name":"Currency","settings":[{"type":"checkbox","id":"enable_currency_switcher","label":"Enable currency conversion","default":true,"info":"Even though prices are displayed in different currencies, orders will still be processed in your store's currency."},{"type":"select","id":"currency_switcher_format","label":"Format","options":[{"value":"money_format","label":"Without currency ($10.00)"},{"value":"money_with_currency_format","label":"With currency ($10.00 CAD)"}],"default":"money_with_currency_format"},{"type":"text","id":"currency_switcher_supported_currencies","label":"Supported currencies","default":"INR GBP CAD USD AUD EUR JPY","info":"Use the country's ISO [currency code](http:\/\/www.xe.com\/iso4217.php). Separate your currency codes with a space."},{"type":"text","id":"currency_switcher_default","label":"Default currency","default":"USD"}]},{"name":"Favicon","settings":[{"type":"image_picker","id":"favicon","label":"Favicon image","info":"Will be scaled down to 32 x 32px"}]},{"name":"Social media","settings":[{"type":"text","id":"social_facebook_url","label":"Facebook","info":"https:\/\/facebook.com\/pixelunion"},{"type":"text","id":"social_twitter_url","label":"Twitter","info":"https:\/\/twitter.com\/pixelunion"},{"type":"text","id":"social_google_url","label":"Google+","info":"https:\/\/plus.google.com\/+shopify"},{"type":"text","id":"social_pinterest_url","label":"Pinterest","info":"https:\/\/pinterest.com\/pixelunion"},{"type":"text","id":"social_instagram_url","label":"Instagram","info":"https:\/\/instagram.com\/pixelunion"},{"type":"text","id":"social_vimeo_url","label":"Vimeo","info":"https:\/\/vimeo.com\/shopify"},{"type":"text","id":"social_youtube_url","label":"YouTube","info":"https:\/\/www.youtube.com\/user\/PixelUnionThemes"},{"type":"text","id":"social_email_address","label":"Email address","info":"info@example.com"}]},{"name":"Store Settings","settings":[{"type":"text","id":"min_price","label":"Minimum order price","info":"Enter minimum order price to get free shipping"},{"type":"text","id":"n_max_quantity","label":"Maximum order quantity","info":"Enter maximum order quantity for Australia wide"},{"type":"text","id":"in_max_quantity","label":"Maximum order quantity for other countries","info":"Enter maximum order quantity for other countries"}]}]