{"current":{"body_text_color":"#58595b","accent_color":"#621fa4","background_color":"#ece5e5","button_color":"#ffffff","button_background_color":"#621fa4","sidebar_background_color":"#ffffff","listing_text_color":"#ffffff","listing_text_background_color":"#beb2b2","listing_text_background_alpha":90,"collection_color_default":"#eed4cb","collection_1":"","collection_1_color":"#f6c3b2","collection_2":"","collection_2_color":"#eccec4","collection_3":"","collection_3_color":"#f2dad0","collection_4":"","collection_4_color":"#faeae4","collection_5":"","collection_5_color":"#f6c3b2","collection_6":"","collection_6_color":"#eccec4","collection_7":"","collection_7_color":"#f2dad0","collection_8":"","collection_8_color":"#faeae4","collection_9":"","collection_9_color":"#f6c3b2","collection_10":"","collection_10_color":"#eccec4","collection_11":"","collection_11_color":"#f2dad0","collection_12":"","collection_12_color":"#faeae4","body_font":"Google_Varela_400","heading_font":"Google_Playfair+Display_400,700","heading_font_weight":"400","grid_spacing":"10px","enable_currency_switcher":false,"currency_switcher_format":"money_with_currency_format","currency_switcher_supported_currencies":"INR GBP CAD USD AUD EUR JPY","currency_switcher_default":"USD","favicon":"shopify:\/\/shop_images\/Bamboozled_Icon_895010ba-bd64-4c2b-96fb-6759b24ef912.png","social_facebook_url":"https:\/\/www.facebook.com\/Bamboozled-Bamboo-Clothing-781464958722633\/","social_twitter_url":"","social_google_url":"","social_pinterest_url":"","social_instagram_url":"https:\/\/www.instagram.com\/bamboozledbambooclothing\/","social_vimeo_url":"","social_youtube_url":"","social_email_address":"","min_price":"50","n_max_quantity":"10","in_max_quantity":"6","checkout_header_image":"","checkout_logo_image":"shopify:\/\/shop_images\/Bamboozled_Logo.png","checkout_logo_position":"left","checkout_logo_size":"medium","checkout_body_background_image":"","checkout_body_background_color":"#fff","checkout_input_background_color_mode":"white","checkout_sidebar_background_image":"","checkout_sidebar_background_color":"#ebcec5","checkout_heading_font":"Roboto","checkout_body_font":"Roboto","checkout_accent_color":"#621fa4","checkout_button_color":"#621fa4","checkout_error_color":"#ff6d6d","min_amount":"50","sections":{"header":{"type":"header","blocks":{"1516446386699":{"type":"shopping_information","settings":{"image":"shopify:\/\/shop_images\/Free-Shipping-Icon_5698d968-599b-401c-a368-3ca7ce09ec00.png","info_text":"Free Shipping*"}},"1516446420212":{"type":"shopping_information","settings":{"image":"shopify:\/\/shop_images\/Pay-Later-Icon_9a0fb30f-1c9d-4321-a5be-01695e239eae.png","info_text":"Buy now, Pay later"}}},"block_order":["1516446386699","1516446420212"],"settings":{"logo":"shopify:\/\/shop_images\/Bamboozled_Logo.png","sidebar_menu_1":"main-menu","sidebar_menu_2":"footer","navigation_style":"sidebar_stays","enable_payment_icons":false,"show_announcement":false,"homepage_announcement":false,"announcement_text":"Use this banner to promote free shipping or another special offer!","announcement_link":"","announcement_color":"#ffffff","announcement_background":"#621fa4","feature_logo":"shopify:\/\/shop_images\/80x20-Zip-Money-Icon.png","logo_link":"https:\/\/zipmoney.com.au\/","footer_logo":"shopify:\/\/shop_images\/125x25-Bamboozled_Logo.png"}},"page-blog":{"type":"page-blog","settings":{"pagination":6,"show_rss_link":false,"show_tags":false,"show_author":false,"show_excerpt":false,"block_title":"ABOUT US","block_image":"shopify:\/\/shop_images\/004A9997_1.jpg","enable_filter":true,"show_description":false,"description":""}},"page-collection":{"type":"page-collection","settings":{"show_description":false,"enable_collection_filtering":true,"enable_tag_filtering":false,"pagination":12,"product_aspect_ratio":"original","block_title":"","block_image":"shopify:\/\/shop_images\/004A9997_1.jpg"}},"page-product":{"type":"page-product","settings":{"show_product_vendor":false,"enable_related":true,"enable_single":false,"enable_size_chart_button":true,"share_widget_facebook":false,"share_widget_twitter":false,"share_widget_pinterest":false,"share_widget_fancy":false,"share_widget_google_plus":false,"share_widget_email":false}},"1516429292235":{"type":"home-slideshow","blocks":{"1516429292235-0":{"type":"slide","settings":{"video_url":"","image":"shopify:\/\/shop_images\/hero-banner.jpg","image_position":"center-right","heading":"BAMBOO CLOTHING","heading_color":"#58595b","button_link":"shopify:\/\/collections","button_label":"SHOP NOW"}}},"block_order":["1516429292235-0"],"settings":{"should_autoplay":false,"slide_autoplay":5,"overlay_show":false,"overlay_style":"dark","overlay_opacity":10}},"1516430026739":{"type":"home-newsletter","settings":{"background_color":"none","heading":"NEWSLETTER","subheading":"Let’s keep in touch"}},"1516855973144":{"type":"home-collection-listing","blocks":{"1516857720868":{"type":"collection","settings":{"collection":"bamboo-dresses"}},"1516857732676":{"type":"collection","settings":{"collection":"bamboo-tops"}},"1516860800656":{"type":"collection","settings":{"collection":"bamboo-skirts"}},"1516860807675":{"type":"collection","settings":{"collection":"bamboo-pants"}},"1516860815344":{"type":"collection","settings":{"collection":"red-hatters-collection"}},"1516860819857":{"type":"collection","settings":{"collection":"bamboo-bodywear"}}},"block_order":["1516857720868","1516857732676","1516860800656","1516860807675","1516860815344","1516860819857"],"settings":{}},"page-cart":{"type":"page-cart","settings":{"enable_cart_notes":false,"show_shipping_calculator":false,"shipping_calculator_default_country":"Australia","background_color":"#ebcec5","enable_related":true,"section_heading":"You May Also Like","popup_image":"shopify:\/\/shop_images\/popup-banner.jpg","popup_title":"Get Free Shipping!","popup_description":"Spend minimum <b>$*price*<\/b> to receive free shipping!","shipping_popup_image":"shopify:\/\/shop_images\/popup-banner.jpg","shipping_popup_title":"Select Shipping Country","shipping_popup_description":""}},"page-styling":{"type":"page-styling","blocks":{"1517220279966":{"type":"styling","settings":{"heading":"Ocean Breeze Look","content":"The Coolangatta dress is inspired by beach life on the southern Gold Coast. Fresh summer colour paneling with our vertical stripes in Brilliant Aqua, Soft White, and Sunshine Yellow make this garment very versatile. Worn casually or dressed up with a heel, this is an eye catching favourite. For the cooler weather or an evening look add our Infinity Top in Brilliant Aqua, worn open as a light jacket. Double lining in our bamboo material keeps the dress from being too sheer whilst maintaining coolness and breathability.","image":"shopify:\/\/shop_images\/IMG_0278.jpg","product":"coolangatta-gold"}},"1517220311822":{"type":"styling","settings":{"heading":"Apricot Swirl Look","content":"The Diana top in Burnt Apricot over our Midnight Black Culotte pants make for a stunning combination. The Diana top has light and cool arm coverage and an elegant cowl neckline that drapes softly. Our timeless Culotte pants are double lined in our soft bamboo fabric making them very comfortable to wear. They have a slim elastic waistband and are finished off with a rolled hem giving a graceful flow to the pants.","image":"shopify:\/\/shop_images\/IMG_0242.JPG","product":"culotte-pants-black"}},"1517220329320":{"type":"styling","settings":{"heading":"Elegant White Look","content":"The Infinity top layered over our Culotte pants in Snow White make for an elegant fresh look. The versatile Infinity top is buttoned up to be worn in the cowl neck style and pairs beautifully with the feminine flow of the stylish bamboo Culotte pants.","image":"shopify:\/\/shop_images\/IMG_0186.JPG","product":"8-button-multi-snow-white"}},"1517220339967":{"type":"styling","settings":{"heading":"Tailored Classic Look","content":"The Artisan shirt has been designed with the classic tailoring of a feminine collared shirt. This shirt has long sleeves that can be worn rolled up or down and cuffed. Buttons are made from coconut shell with a gentle pleat at the back as an additional feature to the shirt. The Artisan shirt in Soft Mint worn over our stylish Midnight Black Knickerbocker pants is a tasteful combination.","image":"shopify:\/\/shop_images\/IMG_0265.JPG","product":"artisan-soft-mint"}},"1517220362264":{"type":"styling","settings":{"heading":"Timeless Nautical Look","content":"The classic nautical combination of blue and white come together is this top and pant combination. The Lattice top in French Navy has a unique lattice cut out sleeve and great length that pairs well over our Knickerbockers in Snow White. Cool comfortable bamboo fabric makes the top very light and breathable and the pants ultra-comfortable. The unison of these two pieces can be worn casually and carry well into a smart evening look.","image":"shopify:\/\/shop_images\/IMG_0034.jpg","product":"lattice-french-navy"}},"1517220382168":{"type":"styling","settings":{"heading":"Aqua Essence Look","content":"The amazing colour combination of Brilliant Aqua over Midnight Black have an eye-catching appeal. The Selena top has been designed with a sophisticated cowl neckline flattering to all figure shapes. The gentle texture of our bamboo fabric allows the Brilliant Aqua Selena top to fall beautifully into the Midnight Black Flowing Split Skirt. A soft half elastic waistband on the skirt gives comfort and the double layering adds movement whilst a modest split maintains an elegant feel.","image":"shopify:\/\/shop_images\/IMG_0208.JPG","product":"selena-brilliant-aqua"}},"1517220401214":{"type":"styling","settings":{"heading":"Grecian Goddess Look","content":"The sophisticated Athena dress in Olive Green is shown here belted with our Infinity Top worn open as a light jacket in Snow White. The Athena dress has the timeless elegance of a Greek goddess with a soft feminine cowl neckline. The Infinity top is just that, having multiple ways to wear this piece it has quickly become our best seller.","image":"shopify:\/\/shop_images\/IMG_0759.JPG","product":"athena-olive-green"}},"1517220411880":{"type":"styling","settings":{"heading":"Grand Marnier Look","content":"The coloured panels of the Jaffa dress are a delicious combination of Burnt Apricot, Café Latte and Chocolate. Sewing the stripe panels vertically complements all figure shapes. The dress flows beautifully and is fully lined. The inside lining is cut in an “A” shape so as to be more comfortable and non-restrictive on the body. Dress it up with our Burnt Apricot Infinity Top worn as an open jacket to make for a beautifully matched ensemble.","image":"shopify:\/\/shop_images\/IMG_0073.JPG","product":"jaffa"}},"1517220429823":{"type":"styling","settings":{"heading":"Midnight in Paris Look","content":"The Paris dress in Midnight Black is a versatile and easy to wear design that can be worn for both casual or formal occasions. Slight pleating from the neckline joins the A line flow of this feminine dress that is finished with a subtle angle. This dress is fully lined in the same bamboo fabric and sewn in so that no camisole is required. Matched with our organic bamboo full length leggings and long sleeve Boody Body Wear means this dress can be worn in all seasons. Quickly becoming our number 1 selling dress for all figure types.","image":"shopify:\/\/shop_images\/IMG_0068.JPG","product":"paris-midnight-black"}},"1517220444263":{"type":"styling","settings":{"heading":"Pure Angel Look","content":"There is nothing like a pure white ensemble for that fresh elegant feel and look. Here we have matched our Selena top with its sophisticated cowl neck drape and paired it with our long Flowing Split Skirt in Snow White. Completing the harmonious all white finish we have added the Infinity Top worn open in Snow White giving the entire outfit its graceful style.","image":"shopify:\/\/shop_images\/IMG_0108.JPG","product":"selena-snow-white"}},"1517220463303":{"type":"styling","settings":{"heading":"Rich Earth Look","content":"The rich earthy tones of Olive Green and Burnt Apricot come together here in our Sue-Ellen dress with the Infinity Top worn open and flowing. The cascading waterfall pieces of the dress blend beautifully with the soft fall of the jacket. Our bamboo fabric allows cool comfortable arm coverage and the dress maintains breathability to the skin whilst giving an eye-catching result.","image":"shopify:\/\/shop_images\/IMG_0012.JPG","product":"sue-ellen-olive-green"}},"1517220482535":{"type":"styling","settings":{"heading":"Subtle Finesse Look","content":"The timeless pairing of black and white. Sophistication at its finest with our Selena cowl neck top in Midnight Black over fresh Snow White Knickerbocker pants. Adding the Infinity Top in Snow White as a jacket completes this tasteful look. This ensemble and colour combination will cater for any occasion.","image":"shopify:\/\/shop_images\/IMG_0049.JPG","product":"knickerbocker-snow-white"}},"1517220495911":{"type":"styling","settings":{"heading":"Black Fire Look","content":"Nothing makes a statement more than red and black combined. Here we have our Selena top in True Red over the long Flowing Split Skirt in Midnight Black. To dress the look up to another level we have added our Infinity Top in Midnight Black worn open as a light flowing jacket.","image":"shopify:\/\/shop_images\/IMG_0196.JPG","product":"flowing-split-skirt-midnight-black"}},"1517220508544":{"type":"styling","settings":{"heading":"Summer Lime Look","content":"Our light and easy wear Lazy Pocket top comes in bright fun colour choices like this Lime Splice. This short sleeve top gives good shoulder and upper arm coverage and has oversized coconut shell buttons that add a sweet finished. Paired over our fresh Snow White Knickerbockers makes for a smart casual look and comfortable feel. The Knickerbockers are double lined in our breathable bamboo material with pockets either side.","image":"shopify:\/\/shop_images\/IMG_0021.JPG","product":"lazy-pocket-top-lime-splice"}},"1517220522265":{"type":"styling","settings":{"heading":"Strike It Red Look","content":"The Paris dress in popular True Red certainly has a striking look. An easy to wear dress that has a feminine flow and the bamboo camisole is sewn in. A pocket on the low side can be turned inside out and tied in a knot to give a cute gypsy feel. Alternatively dress the Paris up with our classic Midnight Black Infinity top worn here as a light jacket.","image":"shopify:\/\/shop_images\/IMG_0585.JPG","product":"paris-true-red"}}},"block_order":["1517220279966","1517220311822","1517220329320","1517220339967","1517220362264","1517220382168","1517220401214","1517220411880","1517220429823","1517220444263","1517220463303","1517220482535","1517220495911","1517220508544","1517220522265"],"settings":{"block_title":"","block_image":"shopify:\/\/shop_images\/004A9906.jpg","show_description":false,"description":""}},"page-garment-info":{"type":"page-garment-info","settings":{"block_title":"GARMENT<br>INFORMATION","block_image":"shopify:\/\/shop_images\/newsletter-bg.jpg","enable_filter":true,"show_description":false,"description":"","custom_image_1":"shopify:\/\/shop_images\/newsletter-bg.jpg","custom_image_2":"shopify:\/\/shop_images\/004A0058.jpg","custom_image_3":"shopify:\/\/shop_images\/004A9917.jpg"}},"page-article":{"type":"page-article","settings":{"show_tags":true,"show_author":true,"share_widget_facebook":false,"share_widget_twitter":false,"share_widget_pinterest":false,"share_widget_fancy":false,"share_widget_google_plus":false,"share_widget_email":false}},"page-shipping":{"type":"page-shipping","settings":{"block_title":"SHIPPING","block_image":"shopify:\/\/shop_images\/004A0020-Edit.jpg","enable_filter":true,"show_description":false,"description":"","custom_image_1":"shopify:\/\/shop_images\/004A0020-Edit.jpg","custom_image_2":"shopify:\/\/shop_images\/004A0282.jpg","custom_image_3":"shopify:\/\/shop_images\/004A9923.jpg"}},"page-about-us":{"type":"page-about-us","settings":{"block_title":"ABOUT US","block_image":"shopify:\/\/shop_images\/004A0143.jpg","enable_filter":true,"show_description":false,"description":"","custom_image_1":"shopify:\/\/shop_images\/004A0143.jpg","custom_image_2":"shopify:\/\/shop_images\/004A9904.jpg"}},"page-best-seller":{"type":"page-best-seller","settings":{"block_title":"","block_image":"shopify:\/\/shop_images\/004A9976.jpg","enable_filter":true,"show_description":false,"description":"","product":"8-button-multi-top-brilliant-aqua","button_text":"GET THE LOOK","button_url":"shopify:\/\/collections\/best-seller"}},"1517471492024":{"type":"home-newsletter-popup","settings":{"enable_newsletter_popup":true,"small_text":"Join","logo":"shopify:\/\/shop_images\/Bamboozled_Logo.png","heading1":"Enter your email below to get","heading2":"Free Shipping","heading3":"With no minimum amount","background_image":"shopify:\/\/shop_images\/newsletter-bg.jpg"}},"page-search":{"type":"page-search","settings":{"pagination":24,"product_aspect_ratio":"tall"}},"page-contact":{"type":"page-contact","settings":{"block_title":"","block_image":"shopify:\/\/shop_images\/004A0212.jpg","show_description":false,"description":""}}},"content_for_index":["1516429292235","1516855973144","1516430026739","1517471492024"]},"presets":{"Elegant":{"accent_color":"#c56d49","background_color":"#efe7e4","body_font":"Google_Varela_400","body_text_color":"#606060","button_background_color":"#c56d49","button_color":"#ffffff","collection_1_color":"#f6c3b2","collection_2_color":"#eccec4","collection_3_color":"#f2dad0","collection_4_color":"#faeae4","collection_5_color":"#f6c3b2","collection_6_color":"#eccec4","collection_7_color":"#f2dad0","collection_8_color":"#faeae4","collection_9_color":"#f6c3b2","collection_10_color":"#eccec4","collection_11_color":"#f2dad0","collection_12_color":"#faeae4","collection_color_default":"#eed4cb","enable_currency_switcher":true,"grid_spacing":"10px","heading_font":"Google_Playfair+Display_400,700","heading_font_weight":"400","listing_text_background_color":"#beb2b2","listing_text_background_alpha":90,"listing_text_color":"#ffffff","sidebar_background_color":"#ffffff","sections":{"section-1":{"type":"home-featured-product","settings":{}},"section-2":{"type":"home-featured-collection","settings":{}},"header":{"type":"header","settings":{"navigation_style":"sidebar_stays","enable_payment_icons":true}},"page-blog":{"type":"page-blog","settings":{"pagination":4}},"page-collection":{"type":"page-collection","settings":{"pagination":12}},"page-product":{"type":"page-product","settings":{"enable_related":true}}},"content_for_index":["section-1","section-2"]},"Editorial":{"accent_color":"#000000","background_color":"#ffffff","body_font":"'HelveticaNeue', 'Helvetica Neue', Helvetica, Arial, sans-serif","body_text_color":"#000000","button_background_color":"#000000","button_color":"#ffffff","collection_1_color":"#f6f6f6","collection_2_color":"#f6f6f6","collection_3_color":"#f6f6f6","collection_4_color":"#f6f6f6","collection_5_color":"#f6f6f6","collection_6_color":"#f6f6f6","collection_7_color":"#f6f6f6","collection_8_color":"#f6f6f6","collection_9_color":"#f6f6f6","collection_10_color":"#f6f6f6","collection_11_color":"#f6f6f6","collection_12_color":"#f6f6f6","collection_color_default":"#f6f6f6","enable_currency_switcher":true,"grid_spacing":"2px","heading_font":"Google_Open+Sans_400,700","heading_font_weight":"400","listing_text_background_color":"#ffffff","listing_text_background_alpha":90,"listing_text_color":"#444444","sidebar_background_color":"#ffffff","content_for_index":["section-1"],"sections":{"section-1":{"type":"home-featured-product","settings":{"section_height":"fullscreen"}},"page-blog":{"type":"page-blog","settings":{"pagination":4}},"page-collection":{"type":"page-collection","settings":{"enable_tag_filtering":false,"pagination":12}}}},"Organic":{"accent_color":"#6865d8","background_color":"#f9f9f9","body_font":"Google_Varela_400","body_text_color":"#383838","button_background_color":"#6865d8","button_color":"#ffffff","collection_1_color":"#d8d4e9","collection_2_color":"#bcc9e4","collection_3_color":"#e6eeb4","collection_4_color":"#f3f0e9","collection_5_color":"#f3f0e7","collection_6_color":"#87b2a2","collection_7_color":"#87b2a2","collection_8_color":"#87b2a2","collection_9_color":"#87b2a2","collection_10_color":"#87b2a2","collection_11_color":"#87b2a2","collection_12_color":"#87b2a2","collection_color_default":"#d0cfd6","heading_font":"Google_Dosis_400,700","heading_font_weight":"400","listing_text_background_color":"#646f6f","listing_text_background_alpha":60,"listing_text_color":"#ffffff","sidebar_background_color":"#ffffff","sections":{"section-1":{"type":"home-featured-product","settings":{"section_height":"fullscreen"}},"section-2":{"type":"home-featured-collection","settings":{}},"header":{"type":"header","settings":{"navigation_style":"sidebar_stays"}},"page-blog":{"type":"page-blog","settings":{"pagination":6}},"page-collection":{"type":"page-collection","settings":{"enable_tag_filtering":false}}},"content_for_index":["section-1","section-2"]}}}